{"cameraMode":{"drawMode":0,"name":"Shaded","section":"Shading Mode"},"sceneLighting":true,"audioPlay":false,"sceneViewState":{"showFog":false,"showMaterialUpdate":false,"showSkybox":true,"showFlares":false,"showImageEffects":false,"showParticleSystems":false},"in2DMode":false,"pivot":{"x":16.015336990356447,"y":3.115168571472168,"z":9.99999713897705},"rotation":{"x":-0.009650767780840397,"y":-0.9895774126052856,"z":0.11932256072759628,"w":-0.08003666251897812},"size":7.726631164550781,"orthographic":false}